Date,Start (ET),Visitor/Neutral,PTS,Home/Neutral,PTS,,,Notes
Thu Jun 4 2015,9:00 pm,Cleveland Cavaliers,100,Golden State Warriors,108,Box Score,OT,
Sun Jun 7 2015,8:00 pm,Cleveland Cavaliers,95,Golden State Warriors,93,Box Score,OT,
Tue Jun 9 2015,9:00 pm,Golden State Warriors,91,Cleveland Cavaliers,96,Box Score,,
Thu Jun 11 2015,9:00 pm,Golden State Warriors,103,Cleveland Cavaliers,82,Box Score,,
Sun Jun 14 2015,8:00 pm,Cleveland Cavaliers,91,Golden State Warriors,104,Box Score,,
Tue Jun 16 2015,9:00 pm,Golden State Warriors,105,Cleveland Cavaliers,97,Box Score,,